Metric,Test Set,Unseen Test Set
Character Error Rate (CER),0.2893520459009068,0.23811207973401075
Word Accuracy,0.5774238227146814,0.6176878841959151
Character Accuracy,0.7213699486686428,0.7674925054636956
Average Edit Distance,1.0732686980609418,0.8857822724568709
Sample Count,7220.0,10086.0
